alain               = alainp <alain@liip.ch>
bastian.feder       = lapistano <github@bastian-feder.de>
brian               = brki <brian@liip.ch>
chregu              = chregu <me@chregu.tv>
christoph.meier     = alainp <alain@liip.ch> # war nur ein commit 
ebi                 = ebi <gravatar@gorn.ch>
fabian.vogler       = fabian <fabian@equivalence.ch>
gassi               = gassi <gassi@liip.ch>
hannes              = hannesgassert <hannes@gassert.ch>
harry               = harryf <hfuecks@gmail.com>
jordi.boggiano      = Jordi Boggiano <j.boggiano@seld.be>
lejoe               = lejoe <copernic67@lejoe.com>
lukas.smith         = lsmith77 <smith@pooteeweet.org>
marc                = Marc Ammann <marc@codesofa.com>
marco.bohler        = triggertoo <triggertoo@gmail.com>
memi                = memibeltrame <memi@liip.ch> 
pascal.helfenstein  = nicam <pascal.helfenstein@gmail.com>
patrick.jezek       = pjezek <patrick@jezek.ch>
peter.manser        = petermanser <peter.manser@liip.ch>
philipp             = philippstucki <philipp@qwert.ch>
pierre              = caillou <pierre@nelm.io>
pneff               = Patrice Neff <www-github@patrice.ch>
rafael              = elrafman <rafi@liip.ch> 
thilo.haas          = thilohaas <thilo@liip.ch>